PDB,Partner1,Partner2
1A2K,C,AB
1ACB,E,I
1AK4,A,D
1AKJ,AB,DE
1ATN,A,D
1AVZ,B,C
1B6C,A,B
1BJ1,HL,VW
1BUH,A,B
1BVK,DE,F
1BVN,P,T
1CBW,ABC,D
1DE4,AB,CF
1DQJ,AB,C
1E4K,AB,C
1E6E,A,B
1E6J,HL,P
1E96,A,B
1EER,A,BC
1EFN,B,A
1EMV,A,B
1EWY,A,C
1EZU,C,AB
1FC2,C,D
1FFW,A,B
1FSK,BC,A
1GCQ,B,C
1GLA,G,F
1GXD,A,C
1HE8,B,A
1I2M,A,B
1I4D,D,AB
1J2J,A,B
1JPS,HL,T
1JTG,B,A
1JWH,CD,A
1K5D,AB,C
1KAC,A,B
1KKL,ABC,H
1KTZ,A,B
1KXQ,H,A
1LFD,B,A
1M10,A,B
1MLC,AB,E
1MQ8,A,B
1P2C,AB,C
1PPE,E,I
1PVH,A,B
1QA9,A,B
1R0R,E,I
1S1Q,A,B
1US7,A,B
1VFB,AB,C
1WEJ,HL,F
1XQS,A,C
1XU1,ABD,T
1Z0K,A,B
1ZHI,A,B
2A9K,A,B
2ABZ,B,E
2AJF,A,E
2AQ3,A,B
2C0L,A,B
2FJU,B,A
2GOX,A,B
2HQS,A,H
2HRK,A,B
2I25,N,L
2MTA,HL,A
2NYZ,AB,D
2OOB,A,B
2PCB,A,B
2PCC,A,B
2TGP,Z,I
2VIR,AB,C
2VIS,AB,C
2WPT,A,B
3BZD,A,B
3CPH,G,A
3SGB,E,I
4CPA,A,I
